Ward code,Order,Seasonal order
E05014058,"(1, 0, 0)","(2, 1, 1, 12)"
E05014071,"(0, 0, 1)","(0, 1, 1, 12)"
E05014059,"(0, 0, 0)","(1, 1, 2, 12)"
E05014069,"(0, 0, 0)","(2, 1, 0, 12)"
E05014063,"(0, 0, 0)","(3, 1, 0, 12)"
E05014067,"(1, 0, 0)","(3, 1, 1, 12)"
E05014057,"(2, 0, 0)","(0, 1, 1, 12)"
E05014065,"(0, 0, 0)","(2, 1, 1, 12)"
E05014054,"(0, 0, 0)","(3, 1, 0, 12)"
E05014070,"(1, 0, 1)","(2, 1, 0, 12)"
E05014064,"(0, 0, 0)","(3, 1, 0, 12)"
E05014062,"(0, 0, 1)","(0, 1, 1, 12)"
E05014056,"(0, 0, 0)","(0, 1, 1, 12)"
E05014066,"(1, 0, 0)","(3, 1, 1, 12)"
E05014053,"(0, 0, 0)","(3, 1, 0, 12)"
E05014060,"(1, 0, 0)","(0, 0, 0, 12)"
E05014055,"(1, 0, 0)","(2, 1, 0, 12)"
E05014061,"(0, 0, 0)","(3, 1, 0, 12)"
E05014068,"(0, 0, 0)","(0, 1, 1, 12)"
E05013644,"(2, 0, 0)","(0, 1, 2, 12)"
E05013647,"(0, 0, 2)","(0, 1, 1, 12)"
E05013635,"(2, 0, 0)","(3, 1, 0, 12)"
E05013628,"(2, 0, 0)","(0, 1, 2, 12)"
E05013638,"(2, 0, 2)","(0, 0, 0, 12)"
E05013646,"(1, 0, 1)","(3, 1, 0, 12)"
E05013650,"(0, 0, 0)","(3, 1, 0, 12)"
E05013629,"(0, 0, 1)","(0, 1, 1, 12)"
E05013640,"(0, 0, 0)","(3, 1, 1, 12)"
E05013651,"(1, 0, 1)","(2, 1, 0, 12)"
E05013637,"(1, 0, 0)","(1, 1, 0, 12)"
E05013645,"(1, 0, 1)","(0, 1, 1, 12)"
E05013630,"(3, 0, 0)","(2, 1, 1, 12)"
E05013648,"(0, 0, 0)","(2, 1, 0, 12)"
E05013639,"(0, 0, 1)","(3, 1, 0, 12)"
E05013632,"(0, 0, 2)","(3, 1, 0, 12)"
E05013636,"(0, 0, 0)","(0, 1, 1, 12)"
E05013633,"(2, 0, 0)","(2, 1, 1, 12)"
E05013643,"(0, 0, 0)","(2, 1, 1, 12)"
E05013649,"(1, 0, 1)","(2, 0, 0, 12)"
E05013641,"(0, 0, 1)","(3, 1, 0, 12)"
E05013642,"(2, 0, 0)","(2, 1, 0, 12)"
E05013631,"(1, 0, 1)","(0, 0, 0, 12)"
E05013634,"(0, 0, 0)","(0, 1, 1, 12)"
E05011232,"(1, 0, 1)","(0, 1, 1, 12)"
E05011218,"(1, 0, 1)","(3, 1, 1, 12)"
E05011225,"(1, 0, 1)","(0, 0, 0, 12)"
E05011233,"(1, 0, 0)","(3, 1, 0, 12)"
E05011228,"(2, 0, 0)","(0, 0, 0, 12)"
E05011231,"(1, 0, 1)","(0, 0, 0, 12)"
E05011223,"(1, 0, 2)","(3, 1, 0, 12)"
E05011222,"(1, 0, 0)","(0, 0, 0, 12)"
E05011224,"(1, 0, 1)","(3, 1, 0, 12)"
E05011217,"(2, 0, 0)","(3, 1, 0, 12)"
E05011219,"(1, 0, 0)","(1, 1, 1, 12)"
E05011226,"(1, 0, 0)","(3, 1, 1, 12)"
E05011220,"(1, 0, 0)","(3, 1, 0, 12)"
E05011221,"(1, 0, 1)","(0, 0, 0, 12)"
E05011229,"(1, 0, 0)","(0, 0, 0, 12)"
E05011227,"(1, 0, 1)","(0, 0, 0, 12)"
E05011230,"(1, 0, 1)","(0, 0, 0, 12)"
E05013508,"(1, 0, 0)","(0, 1, 1, 12)"
E05013504,"(0, 0, 1)","(3, 1, 0, 12)"
E05013502,"(0, 0, 0)","(0, 1, 1, 12)"
E05013513,"(1, 0, 1)","(3, 1, 0, 12)"
E05013497,"(0, 0, 0)","(0, 1, 1, 12)"
E05013506,"(1, 0, 1)","(0, 0, 0, 12)"
E05013505,"(0, 0, 0)","(3, 1, 0, 12)"
E05013500,"(1, 0, 1)","(2, 1, 0, 12)"
E05013515,"(1, 0, 1)","(0, 0, 0, 12)"
E05013511,"(1, 0, 0)","(1, 0, 0, 12)"
E05013509,"(0, 0, 0)","(0, 1, 1, 12)"
E05013499,"(1, 0, 1)","(0, 0, 1, 12)"
E05013516,"(3, 0, 0)","(0, 0, 0, 12)"
E05013512,"(0, 0, 0)","(3, 1, 1, 12)"
E05013517,"(1, 0, 1)","(0, 0, 0, 12)"
E05013514,"(1, 0, 0)","(2, 1, 0, 12)"
E05013510,"(2, 0, 0)","(3, 1, 1, 12)"
E05013498,"(0, 0, 0)","(3, 1, 0, 12)"
E05013501,"(1, 0, 0)","(3, 1, 0, 12)"
E05013496,"(0, 0, 0)","(0, 1, 1, 12)"
E05013503,"(1, 0, 1)","(3, 1, 0, 12)"
E05013507,"(1, 0, 1)","(1, 0, 0, 12)"
E05014000,"(2, 0, 0)","(3, 1, 0, 12)"
E05013993,"(2, 0, 0)","(0, 0, 0, 12)"
E05014002,"(1, 0, 0)","(0, 1, 1, 12)"
E05013995,"(0, 0, 0)","(0, 1, 1, 12)"
E05013994,"(1, 0, 0)","(2, 1, 0, 12)"
E05013987,"(1, 0, 0)","(0, 1, 1, 12)"
E05013988,"(1, 0, 1)","(3, 1, 0, 12)"
E05013991,"(3, 0, 0)","(3, 1, 1, 12)"
E05014004,"(1, 0, 1)","(0, 0, 0, 12)"
E05014007,"(0, 0, 1)","(3, 1, 0, 12)"
E05014005,"(1, 0, 1)","(0, 1, 1, 12)"
E05013999,"(1, 0, 0)","(3, 1, 0, 12)"
E05014006,"(1, 0, 1)","(0, 0, 0, 12)"
E05013990,"(1, 0, 0)","(2, 1, 0, 12)"
E05014008,"(1, 0, 0)","(0, 1, 1, 12)"
E05014003,"(1, 0, 0)","(0, 1, 1, 12)"
E05013998,"(0, 0, 0)","(3, 1, 0, 12)"
E05014001,"(1, 0, 0)","(0, 1, 1, 12)"
E05013997,"(3, 0, 1)","(1, 0, 0, 12)"
E05013992,"(0, 0, 1)","(0, 1, 2, 12)"
E05013996,"(0, 0, 3)","(3, 1, 1, 12)"
E05013989,"(0, 0, 1)","(0, 1, 1, 12)"
E05013661,"(2, 0, 2)","(0, 0, 0, 12)"
E05013659,"(1, 0, 1)","(0, 0, 0, 12)"
E05013663,"(2, 0, 0)","(0, 0, 0, 12)"
E05013657,"(1, 0, 0)","(0, 1, 1, 12)"
E05013656,"(3, 0, 1)","(0, 0, 0, 12)"
E05013658,"(1, 0, 0)","(3, 1, 0, 12)"
E05013660,"(2, 0, 0)","(0, 0, 0, 12)"
E05013652,"(1, 0, 1)","(0, 0, 0, 12)"
E05013664,"(1, 0, 0)","(1, 1, 1, 12)"
E05013671,"(1, 0, 1)","(0, 0, 1, 12)"
E05013665,"(0, 0, 0)","(3, 1, 1, 12)"
E05013667,"(2, 0, 0)","(0, 1, 1, 12)"
E05013654,"(0, 0, 0)","(3, 1, 1, 12)"
E05013670,"(1, 0, 0)","(3, 1, 0, 12)"
E05013655,"(0, 0, 0)","(3, 1, 0, 12)"
E05013669,"(0, 0, 0)","(0, 1, 2, 12)"
E05013666,"(1, 0, 1)","(2, 1, 0, 12)"
E05013668,"(1, 0, 1)","(0, 0, 0, 12)"
E05013653,"(1, 0, 1)","(2, 0, 0, 12)"
E05013662,"(1, 0, 1)","(0, 0, 0, 12)"
E05011467,"(0, 0, 0)","(1, 1, 1, 12)"
E05011473,"(0, 0, 1)","(3, 1, 0, 12)"
E05011472,"(0, 0, 1)","(0, 1, 1, 12)"
E05011486,"(1, 0, 0)","(3, 1, 0, 12)"
E05011485,"(1, 0, 1)","(0, 0, 0, 12)"
E05011489,"(1, 0, 0)","(3, 1, 1, 12)"
E05011464,"(1, 0, 0)","(0, 1, 1, 12)"
E05011488,"(0, 0, 0)","(0, 1, 1, 12)"
E05011479,"(0, 0, 1)","(0, 1, 2, 12)"
E05011465,"(0, 0, 0)","(0, 1, 1, 12)"
E05011482,"(2, 0, 0)","(3, 1, 0, 12)"
E05011462,"(0, 0, 0)","(0, 0, 0, 12)"
E05011463,"(1, 0, 0)","(3, 1, 0, 12)"
E05011475,"(0, 0, 0)","(2, 1, 1, 12)"
E05011487,"(1, 0, 0)","(0, 1, 1, 12)"
E05011483,"(1, 0, 0)","(3, 1, 0, 12)"
E05011468,"(0, 0, 0)","(0, 1, 1, 12)"
E05011484,"(0, 0, 0)","(3, 1, 1, 12)"
E05011470,"(1, 0, 0)","(2, 1, 1, 12)"
E05011477,"(1, 0, 1)","(0, 1, 1, 12)"
E05011471,"(1, 0, 0)","(3, 1, 0, 12)"
E05011478,"(1, 0, 1)","(3, 1, 0, 12)"
E05011480,"(2, 0, 0)","(3, 1, 1, 12)"
E05011481,"(2, 0, 0)","(0, 1, 1, 12)"
E05011476,"(0, 0, 0)","(3, 1, 1, 12)"
E05011466,"(2, 0, 0)","(0, 1, 1, 12)"
E05011469,"(1, 0, 1)","(0, 0, 0, 12)"
E05011474,"(0, 0, 0)","(0, 1, 1, 12)"
E05013518,"(1, 0, 0)","(2, 1, 0, 12)"
E05013528,"(1, 0, 0)","(3, 1, 1, 12)"
E05013531,"(1, 0, 1)","(3, 1, 1, 12)"
E05013534,"(3, 0, 0)","(3, 1, 0, 12)"
E05013523,"(0, 0, 0)","(0, 1, 1, 12)"
E05013532,"(2, 0, 0)","(3, 1, 0, 12)"
E05013524,"(3, 0, 0)","(3, 1, 0, 12)"
E05013519,"(0, 0, 0)","(3, 1, 1, 12)"
E05013535,"(0, 0, 0)","(3, 1, 1, 12)"
E05013526,"(2, 0, 0)","(3, 1, 0, 12)"
E05013522,"(1, 0, 2)","(0, 1, 1, 12)"
E05013527,"(0, 0, 0)","(0, 0, 0, 12)"
E05013529,"(1, 0, 0)","(3, 1, 0, 12)"
E05013541,"(0, 0, 1)","(2, 1, 1, 12)"
E05013520,"(2, 0, 0)","(0, 1, 1, 12)"
E05013521,"(2, 0, 0)","(3, 1, 0, 12)"
E05013540,"(1, 0, 1)","(0, 1, 1, 12)"
E05013536,"(0, 0, 0)","(0, 1, 1, 12)"
E05013539,"(0, 0, 1)","(0, 1, 1, 12)"
E05013525,"(0, 0, 0)","(2, 1, 0, 12)"
E05013533,"(0, 0, 1)","(2, 1, 0, 12)"
E05013537,"(0, 0, 0)","(0, 1, 1, 12)"
E05013530,"(3, 0, 0)","(3, 1, 0, 12)"
E05013538,"(2, 0, 0)","(0, 0, 0, 12)"
E05013680,"(1, 0, 1)","(0, 0, 0, 12)"
E05013675,"(1, 0, 1)","(0, 1, 1, 12)"
E05013695,"(0, 0, 3)","(3, 1, 0, 12)"
E05013691,"(0, 0, 1)","(1, 1, 1, 12)"
E05013677,"(1, 0, 0)","(3, 1, 0, 12)"
E05013674,"(1, 0, 1)","(0, 0, 0, 12)"
E05013690,"(0, 0, 0)","(0, 1, 1, 12)"
E05013693,"(1, 0, 0)","(1, 1, 0, 12)"
E05013678,"(1, 0, 1)","(3, 1, 1, 12)"
E05013689,"(1, 0, 0)","(3, 1, 0, 12)"
E05013687,"(0, 0, 0)","(1, 1, 1, 12)"
E05013676,"(0, 0, 0)","(0, 1, 1, 12)"
E05013684,"(0, 0, 0)","(3, 1, 0, 12)"
E05013681,"(2, 0, 0)","(0, 1, 1, 12)"
E05013692,"(1, 0, 0)","(1, 1, 1, 12)"
E05013696,"(0, 0, 0)","(3, 1, 0, 12)"
E05013682,"(1, 0, 0)","(3, 1, 0, 12)"
E05013685,"(1, 0, 0)","(0, 1, 1, 12)"
E05013683,"(1, 0, 1)","(3, 1, 0, 12)"
E05013679,"(1, 0, 1)","(0, 0, 0, 12)"
E05013672,"(0, 0, 0)","(3, 1, 0, 12)"
E05013688,"(0, 0, 0)","(3, 1, 0, 12)"
E05013686,"(0, 0, 0)","(2, 1, 1, 12)"
E05013694,"(1, 0, 1)","(0, 0, 1, 12)"
E05013673,"(1, 0, 1)","(1, 0, 1, 12)"
E05014090,"(1, 0, 0)","(2, 1, 1, 12)"
E05014091,"(2, 0, 0)","(0, 1, 1, 12)"
E05014072,"(1, 0, 1)","(0, 0, 0, 12)"
E05014094,"(3, 0, 0)","(0, 0, 0, 12)"
E05014092,"(1, 0, 0)","(3, 1, 1, 12)"
E05014087,"(2, 0, 2)","(1, 0, 0, 12)"
E05014093,"(2, 0, 0)","(3, 1, 0, 12)"
E05014089,"(1, 0, 0)","(0, 0, 0, 12)"
E05014075,"(2, 0, 0)","(2, 1, 0, 12)"
E05014074,"(1, 0, 0)","(3, 1, 0, 12)"
E05014073,"(0, 0, 0)","(3, 1, 0, 12)"
E05014088,"(0, 0, 0)","(0, 1, 1, 12)"
E05014083,"(1, 0, 0)","(3, 1, 0, 12)"
E05014078,"(2, 0, 0)","(0, 1, 2, 12)"
E05014077,"(1, 0, 0)","(3, 1, 0, 12)"
E05014079,"(2, 0, 0)","(0, 0, 0, 12)"
E05014085,"(1, 0, 1)","(2, 1, 0, 12)"
E05014086,"(1, 0, 1)","(0, 1, 2, 12)"
E05014084,"(0, 0, 1)","(3, 1, 0, 12)"
E05014080,"(1, 0, 1)","(3, 1, 0, 12)"
E05014082,"(0, 0, 0)","(0, 1, 2, 12)"
E05014076,"(0, 0, 0)","(1, 1, 1, 12)"
E05014081,"(3, 0, 0)","(0, 0, 0, 12)"
E05009383,"(3, 0, 0)","(0, 0, 0, 12)"
E05009387,"(0, 0, 1)","(0, 0, 0, 12)"
E05009384,"(0, 0, 0)","(0, 1, 1, 12)"
E05009368,"(2, 0, 0)","(0, 1, 1, 12)"
E05009373,"(0, 0, 2)","(0, 1, 1, 12)"
E05009367,"(0, 0, 1)","(0, 0, 0, 12)"
E05009385,"(1, 0, 1)","(3, 1, 1, 12)"
E05009380,"(1, 0, 1)","(3, 1, 0, 12)"
E05009369,"(1, 0, 1)","(0, 0, 0, 12)"
E05009379,"(1, 0, 0)","(3, 1, 0, 12)"
E05009382,"(1, 0, 0)","(3, 1, 0, 12)"
E05009372,"(1, 0, 1)","(1, 0, 0, 12)"
E05009376,"(0, 0, 0)","(3, 1, 0, 12)"
E05009374,"(2, 0, 0)","(0, 0, 0, 12)"
E05009386,"(3, 0, 1)","(0, 0, 0, 12)"
E05009370,"(1, 0, 1)","(0, 0, 0, 12)"
E05009381,"(1, 0, 1)","(0, 1, 1, 12)"
E05009371,"(2, 0, 0)","(1, 1, 2, 12)"
E05009375,"(2, 0, 3)","(3, 1, 0, 12)"
E05009378,"(1, 0, 0)","(1, 1, 1, 12)"
E05009377,"(1, 0, 1)","(0, 0, 0, 12)"
E05013736,"(0, 0, 0)","(3, 1, 1, 12)"
E05013753,"(0, 0, 0)","(1, 1, 1, 12)"
E05013752,"(1, 0, 3)","(0, 0, 0, 12)"
E05013737,"(1, 0, 0)","(3, 1, 0, 12)"
E05013748,"(0, 0, 0)","(3, 1, 0, 12)"
E05013733,"(1, 0, 1)","(3, 1, 0, 12)"
E05013750,"(1, 0, 0)","(2, 1, 0, 12)"
E05013746,"(1, 0, 1)","(1, 0, 0, 12)"
E05013740,"(2, 0, 0)","(0, 0, 0, 12)"
E05013735,"(2, 0, 0)","(0, 0, 1, 12)"
E05013734,"(1, 0, 1)","(2, 1, 1, 12)"
E05013741,"(0, 0, 0)","(3, 1, 0, 12)"
E05013751,"(2, 0, 0)","(3, 1, 0, 12)"
E05013738,"(0, 0, 0)","(0, 1, 1, 12)"
E05013749,"(1, 0, 3)","(0, 0, 0, 12)"
E05013742,"(1, 0, 0)","(1, 1, 0, 12)"
E05013743,"(0, 0, 1)","(3, 1, 0, 12)"
E05013745,"(1, 0, 0)","(1, 0, 0, 12)"
E05013739,"(0, 0, 1)","(0, 0, 0, 12)"
E05013747,"(3, 0, 0)","(0, 1, 1, 12)"
E05013744,"(0, 0, 0)","(0, 1, 1, 12)"
E05013605,"(0, 0, 1)","(2, 1, 1, 12)"
E05013586,"(0, 0, 0)","(3, 1, 1, 12)"
E05013596,"(1, 0, 0)","(3, 1, 0, 12)"
E05013585,"(0, 0, 0)","(3, 1, 0, 12)"
E05013604,"(1, 0, 1)","(0, 0, 1, 12)"
E05013587,"(2, 0, 0)","(3, 1, 0, 12)"
E05013595,"(1, 0, 0)","(0, 0, 0, 12)"
E05013603,"(1, 0, 0)","(0, 1, 1, 12)"
E05013589,"(0, 0, 0)","(1, 1, 0, 12)"
E05013602,"(0, 0, 0)","(2, 1, 0, 12)"
E05013594,"(1, 0, 0)","(3, 1, 1, 12)"
E05013601,"(1, 0, 0)","(3, 1, 0, 12)"
E05013593,"(2, 0, 0)","(0, 0, 0, 12)"
E05013588,"(1, 0, 1)","(0, 0, 0, 12)"
E05013590,"(1, 0, 0)","(0, 1, 1, 12)"
E05013598,"(1, 0, 0)","(0, 0, 0, 12)"
E05013599,"(2, 0, 0)","(2, 1, 0, 12)"
E05013597,"(1, 0, 1)","(0, 0, 0, 12)"
E05013591,"(1, 0, 2)","(0, 1, 1, 12)"
E05013600,"(2, 0, 0)","(0, 0, 1, 12)"
E05013592,"(1, 0, 1)","(3, 1, 0, 12)"
E05013560,"(1, 0, 1)","(3, 1, 1, 12)"
E05013543,"(0, 0, 0)","(0, 1, 1, 12)"
E05013548,"(2, 0, 0)","(0, 1, 1, 12)"
E05013549,"(0, 0, 1)","(0, 1, 1, 12)"
E05013545,"(1, 0, 0)","(0, 1, 1, 12)"
E05013542,"(1, 0, 1)","(3, 1, 1, 12)"
E05013544,"(1, 0, 2)","(1, 1, 1, 12)"
E05013555,"(1, 0, 0)","(2, 1, 0, 12)"
E05013561,"(1, 0, 0)","(3, 1, 0, 12)"
E05013551,"(1, 0, 0)","(2, 1, 1, 12)"
E05013562,"(1, 0, 0)","(3, 1, 0, 12)"
E05013553,"(1, 0, 1)","(0, 0, 0, 12)"
E05013550,"(1, 0, 1)","(0, 1, 1, 12)"
E05013556,"(1, 0, 1)","(1, 1, 1, 12)"
E05013554,"(1, 0, 0)","(3, 1, 0, 12)"
E05013546,"(0, 0, 0)","(3, 1, 0, 12)"
E05013563,"(1, 0, 1)","(3, 1, 0, 12)"
E05013559,"(0, 0, 0)","(2, 1, 0, 12)"
E05013558,"(0, 0, 0)","(3, 1, 0, 12)"
E05013557,"(1, 0, 2)","(0, 1, 1, 12)"
E05013547,"(0, 0, 0)","(0, 1, 1, 12)"
E05013552,"(1, 0, 1)","(3, 1, 0, 12)"
E05013971,"(1, 0, 0)","(0, 1, 1, 12)"
E05013975,"(0, 0, 1)","(3, 1, 0, 12)"
E05013974,"(1, 0, 1)","(3, 1, 0, 12)"
E05013973,"(0, 0, 1)","(0, 0, 0, 12)"
E05013977,"(1, 0, 0)","(0, 1, 1, 12)"
E05013978,"(2, 0, 0)","(3, 1, 0, 12)"
E05013970,"(1, 0, 1)","(0, 1, 1, 12)"
E05013985,"(1, 0, 0)","(0, 1, 1, 12)"
E05013983,"(0, 0, 0)","(3, 1, 0, 12)"
E05013976,"(1, 0, 0)","(3, 1, 0, 12)"
E05013981,"(1, 0, 1)","(2, 1, 1, 12)"
E05013980,"(0, 0, 0)","(0, 1, 1, 12)"
E05013968,"(0, 0, 0)","(0, 1, 1, 12)"
E05013986,"(0, 0, 1)","(3, 1, 0, 12)"
E05013982,"(1, 0, 0)","(2, 1, 0, 12)"
E05013972,"(1, 0, 0)","(2, 1, 0, 12)"
E05013969,"(1, 0, 0)","(0, 1, 2, 12)"
E05013967,"(1, 0, 1)","(0, 0, 0, 12)"
E05013984,"(0, 0, 1)","(3, 1, 0, 12)"
E05013979,"(1, 0, 2)","(0, 0, 0, 12)"
E05013574,"(1, 0, 0)","(2, 1, 1, 12)"
E05013575,"(1, 0, 1)","(3, 1, 0, 12)"
E05013568,"(0, 0, 1)","(0, 1, 1, 12)"
E05013573,"(1, 0, 1)","(3, 1, 1, 12)"
E05013567,"(1, 0, 1)","(0, 1, 1, 12)"
E05013577,"(1, 0, 0)","(3, 1, 0, 12)"
E05013579,"(1, 0, 0)","(3, 1, 1, 12)"
E05013578,"(1, 0, 0)","(0, 0, 0, 12)"
E05013580,"(2, 0, 2)","(0, 0, 0, 12)"
E05013571,"(0, 0, 1)","(3, 1, 0, 12)"
E05013572,"(0, 0, 1)","(0, 1, 2, 12)"
E05013566,"(1, 0, 1)","(2, 1, 0, 12)"
E05013565,"(0, 0, 0)","(3, 1, 0, 12)"
E05013583,"(0, 0, 0)","(3, 1, 1, 12)"
E05013564,"(1, 0, 1)","(0, 0, 0, 12)"
E05013584,"(0, 0, 0)","(3, 1, 0, 12)"
E05013582,"(1, 0, 1)","(0, 0, 0, 12)"
E05013569,"(1, 0, 0)","(0, 1, 1, 12)"
E05013576,"(2, 0, 2)","(0, 1, 1, 12)"
E05013581,"(1, 0, 1)","(0, 0, 0, 12)"
E05013570,"(2, 0, 0)","(0, 0, 0, 12)"
E05013610,"(2, 0, 0)","(0, 1, 1, 12)"
E05013609,"(1, 0, 1)","(3, 1, 0, 12)"
E05013607,"(1, 0, 1)","(2, 1, 0, 12)"
E05013617,"(0, 0, 0)","(2, 1, 0, 12)"
E05013618,"(2, 0, 0)","(2, 1, 0, 12)"
E05013619,"(1, 0, 0)","(0, 1, 1, 12)"
E05013608,"(2, 0, 2)","(0, 1, 1, 12)"
E05013627,"(1, 0, 1)","(3, 1, 0, 12)"
E05013611,"(0, 0, 0)","(0, 1, 1, 12)"
E05013626,"(1, 0, 1)","(0, 0, 1, 12)"
E05013621,"(1, 0, 0)","(0, 1, 2, 12)"
E05013620,"(1, 0, 0)","(0, 0, 0, 12)"
E05013612,"(1, 0, 0)","(3, 1, 0, 12)"
E05013625,"(1, 0, 1)","(1, 1, 0, 12)"
E05013623,"(1, 0, 0)","(1, 1, 1, 12)"
E05013624,"(0, 0, 1)","(2, 1, 0, 12)"
E05013622,"(1, 0, 0)","(3, 1, 0, 12)"
E05013606,"(0, 0, 1)","(2, 1, 1, 12)"
E05013613,"(0, 0, 2)","(0, 1, 1, 12)"
E05013615,"(0, 0, 0)","(3, 1, 0, 12)"
E05013616,"(1, 0, 1)","(3, 1, 0, 12)"
E05013614,"(1, 0, 0)","(3, 1, 0, 12)"
E05013705,"(0, 0, 1)","(2, 1, 0, 12)"
E05013712,"(1, 0, 0)","(0, 0, 1, 12)"
E05013703,"(1, 0, 2)","(0, 0, 0, 12)"
E05013707,"(0, 0, 0)","(0, 1, 1, 12)"
E05013697,"(1, 0, 0)","(0, 0, 0, 12)"
E05013706,"(1, 0, 0)","(2, 1, 1, 12)"
E05013713,"(3, 0, 0)","(0, 0, 0, 12)"
E05013704,"(1, 0, 1)","(0, 0, 0, 12)"
E05013708,"(0, 0, 0)","(0, 1, 1, 12)"
E05013709,"(0, 0, 0)","(2, 1, 0, 12)"
E05013701,"(0, 0, 0)","(0, 1, 1, 12)"
E05013700,"(1, 0, 1)","(0, 0, 0, 12)"
E05013710,"(1, 0, 0)","(3, 1, 0, 12)"
E05013698,"(0, 0, 0)","(3, 1, 0, 12)"
E05013711,"(0, 0, 0)","(0, 0, 0, 12)"
E05013702,"(1, 0, 1)","(0, 0, 0, 12)"
E05013699,"(0, 0, 0)","(3, 1, 0, 12)"
E05009396,"(1, 0, 0)","(3, 1, 0, 12)"
E05009394,"(0, 0, 0)","(3, 1, 0, 12)"
E05009404,"(0, 0, 0)","(2, 1, 1, 12)"
E05009392,"(1, 0, 1)","(0, 0, 0, 12)"
E05009399,"(1, 0, 1)","(1, 0, 0, 12)"
E05009400,"(1, 0, 1)","(0, 0, 0, 12)"
E05009398,"(0, 0, 0)","(0, 0, 0, 12)"
E05009390,"(1, 0, 0)","(1, 0, 0, 12)"
E05009397,"(1, 0, 0)","(0, 0, 0, 12)"
E05009401,"(1, 0, 1)","(3, 1, 0, 12)"
E05009388,"(0, 0, 0)","(3, 1, 0, 12)"
E05009389,"(2, 0, 0)","(0, 0, 0, 12)"
E05009403,"(1, 0, 1)","(0, 0, 0, 12)"
E05009395,"(1, 0, 0)","(3, 1, 0, 12)"
E05009393,"(0, 0, 0)","(3, 1, 0, 12)"
E05009405,"(1, 0, 0)","(0, 0, 0, 12)"
E05009402,"(1, 0, 0)","(2, 1, 1, 12)"
E05009391,"(1, 0, 1)","(0, 0, 0, 12)"
E05013946,"(1, 0, 0)","(3, 1, 0, 12)"
E05013932,"(2, 0, 0)","(3, 1, 0, 12)"
E05013933,"(0, 0, 2)","(0, 1, 1, 12)"
E05013937,"(0, 0, 0)","(3, 1, 0, 12)"
E05013930,"(1, 0, 0)","(3, 1, 0, 12)"
E05013941,"(0, 0, 1)","(3, 1, 0, 12)"
E05013940,"(0, 0, 1)","(1, 1, 0, 12)"
E05013938,"(0, 0, 1)","(0, 1, 1, 12)"
E05013943,"(0, 0, 0)","(0, 1, 1, 12)"
E05013944,"(0, 0, 0)","(2, 1, 1, 12)"
E05013942,"(0, 0, 0)","(0, 1, 1, 12)"
E05013939,"(0, 0, 2)","(0, 1, 1, 12)"
E05013945,"(2, 0, 0)","(2, 1, 0, 12)"
E05013936,"(0, 0, 1)","(3, 1, 0, 12)"
E05013935,"(0, 0, 0)","(1, 1, 1, 12)"
E05013931,"(0, 0, 0)","(0, 1, 1, 12)"
E05014105,"(3, 0, 0)","(3, 1, 0, 12)"
E05014117,"(0, 0, 0)","(0, 1, 1, 12)"
E05014108,"(0, 0, 0)","(2, 1, 0, 12)"
E05014107,"(1, 0, 0)","(3, 1, 0, 12)"
E05014111,"(0, 0, 0)","(3, 1, 0, 12)"
E05014110,"(0, 0, 1)","(3, 1, 0, 12)"
E05014096,"(0, 0, 0)","(2, 1, 0, 12)"
E05014104,"(1, 0, 1)","(0, 0, 0, 12)"
E05014100,"(2, 0, 0)","(3, 1, 0, 12)"
E05014098,"(1, 0, 0)","(3, 1, 1, 12)"
E05014102,"(1, 0, 1)","(0, 0, 0, 12)"
E05014095,"(1, 0, 1)","(0, 0, 0, 12)"
E05014099,"(0, 0, 0)","(1, 1, 1, 12)"
E05014097,"(2, 0, 0)","(0, 1, 1, 12)"
E05014101,"(0, 0, 0)","(3, 1, 0, 12)"
E05014114,"(1, 0, 0)","(3, 1, 0, 12)"
E05014113,"(0, 0, 0)","(3, 1, 0, 12)"
E05014109,"(2, 0, 2)","(0, 1, 1, 12)"
E05014119,"(1, 0, 1)","(0, 1, 1, 12)"
E05014106,"(0, 0, 0)","(3, 1, 1, 12)"
E05014103,"(0, 0, 0)","(2, 1, 1, 12)"
E05014115,"(1, 0, 0)","(0, 1, 1, 12)"
E05014116,"(0, 0, 0)","(0, 1, 1, 12)"
E05014112,"(1, 0, 0)","(3, 1, 0, 12)"
E05014118,"(2, 0, 0)","(0, 0, 0, 12)"
E05013721,"(1, 0, 1)","(0, 0, 0, 12)"
E05013719,"(0, 0, 0)","(3, 1, 0, 12)"
E05013728,"(0, 0, 0)","(0, 1, 1, 12)"
E05013716,"(1, 0, 0)","(1, 0, 0, 12)"
E05013732,"(0, 0, 0)","(3, 1, 0, 12)"
E05013715,"(2, 0, 0)","(3, 1, 0, 12)"
E05013725,"(0, 0, 0)","(3, 1, 0, 12)"
E05013724,"(1, 0, 0)","(0, 0, 0, 12)"
E05013727,"(0, 0, 0)","(3, 1, 0, 12)"
E05013726,"(1, 0, 0)","(3, 1, 1, 12)"
E05013718,"(0, 0, 0)","(3, 1, 0, 12)"
E05013730,"(2, 0, 1)","(0, 1, 1, 12)"
E05013722,"(1, 0, 0)","(3, 1, 0, 12)"
E05013717,"(1, 0, 0)","(1, 1, 1, 12)"
E05013723,"(2, 0, 0)","(0, 1, 1, 12)"
E05013729,"(1, 0, 0)","(3, 1, 0, 12)"
E05013720,"(1, 0, 0)","(3, 1, 1, 12)"
E05013731,"(1, 0, 1)","(0, 0, 0, 12)"
E05013714,"(1, 0, 0)","(0, 0, 0, 12)"
E05013828,"(2, 0, 0)","(0, 0, 0, 12)"
E05013825,"(2, 0, 0)","(0, 0, 0, 12)"
E05013816,"(0, 0, 1)","(3, 1, 0, 12)"
E05013829,"(3, 0, 0)","(2, 1, 0, 12)"
E05013812,"(1, 0, 1)","(0, 0, 0, 12)"
E05013826,"(0, 0, 0)","(0, 1, 1, 12)"
E05013810,"(1, 0, 1)","(0, 0, 0, 12)"
E05013815,"(2, 0, 0)","(0, 1, 1, 12)"
E05013817,"(0, 0, 3)","(0, 1, 1, 12)"
E05013823,"(2, 0, 0)","(3, 1, 0, 12)"
E05013814,"(0, 0, 0)","(0, 1, 1, 12)"
E05013813,"(1, 0, 0)","(3, 1, 0, 12)"
E05013818,"(0, 0, 0)","(0, 1, 1, 12)"
E05013820,"(1, 0, 1)","(3, 1, 0, 12)"
E05013811,"(1, 0, 1)","(0, 1, 1, 12)"
E05013821,"(0, 0, 1)","(0, 1, 1, 12)"
E05013827,"(0, 0, 1)","(2, 1, 0, 12)"
E05013822,"(2, 0, 0)","(0, 0, 0, 12)"
E05013824,"(0, 0, 1)","(3, 1, 0, 12)"
E05013819,"(0, 0, 0)","(3, 1, 0, 12)"
E05013911,"(0, 0, 0)","(3, 1, 1, 12)"
E05013915,"(1, 0, 0)","(2, 1, 1, 12)"
E05013916,"(1, 0, 1)","(2, 1, 1, 12)"
E05013917,"(0, 0, 0)","(3, 1, 1, 12)"
E05013912,"(0, 0, 1)","(2, 1, 1, 12)"
E05013913,"(0, 0, 0)","(0, 1, 1, 12)"
E05013914,"(1, 0, 0)","(1, 1, 1, 12)"
E05013921,"(0, 0, 1)","(1, 1, 1, 12)"
E05013924,"(2, 0, 0)","(0, 1, 1, 12)"
E05013926,"(2, 0, 0)","(0, 1, 1, 12)"
E05013927,"(0, 0, 0)","(0, 1, 1, 12)"
E05013909,"(1, 0, 1)","(2, 1, 0, 12)"
E05013905,"(1, 0, 1)","(2, 1, 0, 12)"
E05013918,"(1, 0, 1)","(1, 1, 2, 12)"
E05013910,"(0, 0, 0)","(2, 1, 1, 12)"
E05013920,"(2, 0, 2)","(3, 1, 1, 12)"
E05013906,"(0, 0, 0)","(0, 1, 1, 12)"
E05013919,"(0, 0, 1)","(1, 1, 1, 12)"
E05013908,"(1, 0, 1)","(0, 0, 0, 12)"
E05013904,"(2, 0, 0)","(2, 1, 1, 12)"
E05013923,"(0, 0, 0)","(3, 1, 0, 12)"
E05013907,"(0, 0, 0)","(3, 1, 0, 12)"
E05011249,"(0, 0, 1)","(3, 1, 0, 12)"
E05011238,"(1, 0, 1)","(0, 0, 0, 12)"
E05011245,"(1, 0, 1)","(0, 0, 0, 12)"
E05011236,"(1, 0, 0)","(0, 1, 1, 12)"
E05011242,"(2, 0, 0)","(3, 1, 1, 12)"
E05011252,"(1, 0, 1)","(0, 0, 0, 12)"
E05011243,"(1, 0, 0)","(0, 1, 1, 12)"
E05011235,"(1, 0, 1)","(1, 1, 1, 12)"
E05011234,"(1, 0, 0)","(0, 1, 1, 12)"
E05011255,"(1, 0, 1)","(1, 0, 0, 12)"
E05011254,"(0, 0, 0)","(2, 1, 0, 12)"
E05011237,"(1, 0, 0)","(0, 1, 1, 12)"
E05011250,"(1, 0, 1)","(3, 1, 0, 12)"
E05011251,"(2, 0, 2)","(0, 0, 0, 12)"
E05011253,"(1, 0, 0)","(3, 1, 1, 12)"
E05011246,"(0, 0, 0)","(0, 1, 1, 12)"
E05011240,"(1, 0, 0)","(3, 1, 1, 12)"
E05011248,"(1, 0, 0)","(3, 1, 0, 12)"
E05011247,"(0, 0, 0)","(3, 1, 1, 12)"
E05011244,"(1, 0, 0)","(3, 1, 0, 12)"
E05011241,"(1, 0, 0)","(2, 1, 1, 12)"
E05011239,"(1, 0, 0)","(3, 1, 0, 12)"
E05013774,"(0, 0, 0)","(2, 1, 0, 12)"
E05013782,"(1, 0, 1)","(0, 0, 0, 12)"
E05013784,"(0, 0, 0)","(2, 1, 1, 12)"
E05013783,"(0, 0, 1)","(3, 1, 1, 12)"
E05013775,"(0, 0, 1)","(0, 1, 1, 12)"
E05013786,"(1, 0, 2)","(0, 0, 0, 12)"
E05013785,"(1, 0, 1)","(0, 0, 0, 12)"
E05013789,"(1, 0, 0)","(0, 1, 1, 12)"
E05013791,"(0, 0, 0)","(3, 1, 0, 12)"
E05013777,"(1, 0, 0)","(0, 1, 1, 12)"
E05013781,"(1, 0, 0)","(2, 1, 1, 12)"
E05013787,"(1, 0, 0)","(0, 1, 1, 12)"
E05013790,"(2, 0, 0)","(0, 1, 2, 12)"
E05013776,"(1, 0, 1)","(3, 1, 0, 12)"
E05013788,"(1, 0, 0)","(0, 1, 2, 12)"
E05013779,"(2, 0, 1)","(3, 1, 0, 12)"
E05013780,"(1, 0, 0)","(3, 1, 0, 12)"
E05013778,"(1, 0, 1)","(1, 0, 0, 12)"
E05011112,"(1, 0, 1)","(3, 1, 0, 12)"
E05011117,"(0, 0, 0)","(2, 1, 0, 12)"
E05011095,"(1, 0, 0)","(0, 0, 0, 12)"
E05011104,"(1, 0, 1)","(1, 1, 0, 12)"
E05011106,"(0, 0, 0)","(3, 1, 0, 12)"
E05011116,"(0, 0, 0)","(3, 1, 1, 12)"
E05011098,"(1, 0, 0)","(1, 0, 0, 12)"
E05011107,"(3, 0, 0)","(3, 1, 0, 12)"
E05011105,"(0, 0, 0)","(2, 1, 0, 12)"
E05011109,"(1, 0, 0)","(0, 1, 2, 12)"
E05011102,"(2, 0, 0)","(2, 1, 0, 12)"
E05011096,"(1, 0, 1)","(2, 0, 0, 12)"
E05011110,"(1, 0, 1)","(0, 1, 1, 12)"
E05011115,"(0, 0, 0)","(2, 1, 0, 12)"
E05011113,"(1, 0, 1)","(0, 0, 1, 12)"
E05011108,"(1, 0, 0)","(3, 1, 0, 12)"
E05011097,"(1, 0, 2)","(0, 0, 0, 12)"
E05011103,"(1, 0, 0)","(0, 1, 2, 12)"
E05011099,"(0, 0, 0)","(0, 1, 1, 12)"
E05011111,"(0, 0, 0)","(0, 1, 1, 12)"
E05011100,"(1, 0, 2)","(0, 0, 0, 12)"
E05011101,"(2, 0, 0)","(0, 1, 1, 12)"
E05011114,"(0, 0, 0)","(3, 1, 0, 12)"
E05013762,"(1, 0, 0)","(2, 1, 1, 12)"
E05013761,"(0, 0, 0)","(0, 1, 1, 12)"
E05013764,"(0, 0, 0)","(0, 1, 1, 12)"
E05013769,"(0, 0, 0)","(2, 1, 2, 12)"
E05013773,"(1, 0, 0)","(2, 1, 1, 12)"
E05013772,"(0, 0, 0)","(0, 1, 1, 12)"
E05013766,"(0, 0, 0)","(3, 1, 0, 12)"
E05013760,"(1, 0, 1)","(0, 0, 0, 12)"
E05013758,"(1, 0, 1)","(3, 1, 0, 12)"
E05013770,"(2, 0, 1)","(0, 1, 1, 12)"
E05013754,"(1, 0, 0)","(3, 1, 1, 12)"
E05013765,"(1, 0, 0)","(0, 0, 0, 12)"
E05013768,"(2, 0, 0)","(2, 1, 1, 12)"
E05013756,"(0, 0, 0)","(3, 1, 0, 12)"
E05013763,"(0, 0, 0)","(3, 1, 0, 12)"
E05013771,"(0, 0, 0)","(0, 1, 1, 12)"
E05013767,"(1, 0, 0)","(3, 1, 0, 12)"
E05013755,"(3, 0, 0)","(0, 0, 0, 12)"
E05013757,"(0, 0, 0)","(2, 1, 0, 12)"
E05009319,"(0, 0, 0)","(1, 1, 0, 12)"
E05009331,"(1, 0, 0)","(3, 1, 0, 12)"
E05009320,"(1, 0, 1)","(0, 0, 0, 12)"
E05009335,"(0, 0, 2)","(0, 1, 1, 12)"
E05009317,"(1, 0, 1)","(3, 0, 0, 12)"
E05009321,"(0, 0, 0)","(1, 1, 1, 12)"
E05009329,"(1, 0, 0)","(3, 1, 0, 12)"
E05009322,"(0, 0, 1)","(3, 1, 0, 12)"
E05009333,"(1, 0, 1)","(2, 0, 0, 12)"
E05009334,"(1, 0, 1)","(2, 1, 0, 12)"
E05009336,"(1, 0, 1)","(3, 1, 0, 12)"
E05009325,"(1, 0, 0)","(2, 1, 1, 12)"
E05009332,"(0, 0, 0)","(3, 1, 0, 12)"
E05009327,"(1, 0, 0)","(0, 1, 1, 12)"
E05009328,"(1, 0, 0)","(0, 1, 1, 12)"
E05009330,"(0, 0, 1)","(3, 1, 0, 12)"
E05009318,"(1, 0, 0)","(3, 1, 0, 12)"
E05009324,"(0, 0, 1)","(3, 1, 0, 12)"
E05009323,"(1, 0, 0)","(2, 1, 0, 12)"
E05013885,"(0, 0, 0)","(3, 1, 0, 12)"
E05013901,"(1, 0, 0)","(0, 1, 1, 12)"
E05013886,"(1, 0, 0)","(3, 1, 0, 12)"
E05013890,"(0, 0, 0)","(3, 1, 0, 12)"
E05013894,"(1, 0, 1)","(1, 1, 1, 12)"
E05013889,"(0, 0, 0)","(0, 1, 1, 12)"
E05013884,"(0, 0, 0)","(1, 1, 1, 12)"
E05013892,"(1, 0, 0)","(3, 1, 0, 12)"
E05013900,"(1, 0, 1)","(0, 0, 0, 12)"
E05013902,"(0, 0, 0)","(0, 1, 1, 12)"
E05013891,"(1, 0, 1)","(0, 0, 0, 12)"
E05013893,"(1, 0, 0)","(0, 1, 1, 12)"
E05013903,"(1, 0, 0)","(3, 1, 0, 12)"
E05013899,"(0, 0, 0)","(2, 1, 0, 12)"
E05013898,"(1, 0, 1)","(3, 1, 1, 12)"
E05013887,"(2, 0, 0)","(3, 1, 0, 12)"
E05013895,"(1, 0, 0)","(2, 1, 0, 12)"
E05013897,"(1, 0, 1)","(2, 1, 1, 12)"
E05013888,"(2, 0, 0)","(2, 1, 0, 12)"
E05013896,"(2, 0, 0)","(0, 0, 0, 12)"
E05013882,"(3, 0, 3)","(0, 1, 1, 12)"
E05013883,"(2, 0, 0)","(0, 0, 0, 12)"
E05014010,"(1, 0, 1)","(2, 1, 0, 12)"
E05014018,"(1, 0, 1)","(2, 1, 0, 12)"
E05014019,"(1, 0, 1)","(0, 0, 0, 12)"
E05014015,"(0, 0, 0)","(1, 0, 0, 12)"
E05014014,"(1, 0, 1)","(2, 1, 0, 12)"
E05014022,"(1, 0, 0)","(0, 1, 2, 12)"
E05014012,"(0, 0, 0)","(0, 0, 0, 12)"
E05014016,"(0, 0, 0)","(2, 1, 1, 12)"
E05014011,"(2, 0, 3)","(0, 0, 0, 12)"
E05014030,"(1, 0, 0)","(3, 1, 0, 12)"
E05014028,"(0, 0, 0)","(3, 1, 0, 12)"
E05014017,"(2, 0, 0)","(0, 0, 1, 12)"
E05014027,"(2, 0, 0)","(3, 1, 0, 12)"
E05014009,"(1, 0, 1)","(0, 0, 0, 12)"
E05014026,"(3, 0, 0)","(2, 1, 0, 12)"
E05014021,"(0, 0, 1)","(0, 1, 1, 12)"
E05014029,"(1, 0, 0)","(3, 1, 0, 12)"
E05014023,"(1, 0, 1)","(0, 0, 0, 12)"
E05014020,"(0, 0, 1)","(0, 1, 1, 12)"
E05014025,"(1, 0, 1)","(0, 0, 0, 12)"
E05014024,"(1, 0, 0)","(0, 1, 2, 12)"
E05014013,"(1, 0, 1)","(0, 0, 0, 12)"
E05013805,"(2, 0, 0)","(0, 0, 0, 12)"
E05013792,"(0, 0, 0)","(0, 1, 1, 12)"
E05013800,"(0, 0, 0)","(0, 1, 1, 12)"
E05013804,"(1, 0, 0)","(3, 1, 0, 12)"
E05013795,"(0, 0, 0)","(0, 1, 1, 12)"
E05013799,"(1, 0, 0)","(0, 0, 0, 12)"
E05013801,"(1, 0, 0)","(0, 0, 0, 12)"
E05013794,"(0, 0, 0)","(0, 1, 1, 12)"
E05013809,"(0, 0, 0)","(3, 1, 1, 12)"
E05013808,"(1, 0, 1)","(0, 0, 0, 12)"
E05013793,"(1, 0, 2)","(3, 1, 0, 12)"
E05013796,"(1, 0, 1)","(3, 1, 0, 12)"
E05013798,"(1, 0, 1)","(0, 0, 0, 12)"
E05013806,"(1, 0, 1)","(0, 0, 0, 12)"
E05013797,"(1, 0, 1)","(0, 0, 0, 12)"
E05013807,"(0, 0, 0)","(2, 1, 0, 12)"
E05013802,"(1, 0, 0)","(3, 1, 0, 12)"
E05013803,"(2, 0, 0)","(3, 1, 0, 12)"
E05013928,"(0, 0, 0)","(3, 1, 0, 12)"
E05013922,"(1, 0, 1)","(3, 1, 0, 12)"
E05013759,"(1, 0, 1)","(2, 1, 1, 12)"
E05009326,"(0, 0, 0)","(2, 1, 1, 12)"
E05013934,"(0, 0, 0)","(0, 1, 1, 12)"
E05013929,"(1, 0, 0)","(2, 1, 1, 12)"
